{"TERT_replicate2": [-0.6709999999999994, -0.7280000000000015, -0.7669999999999995, -0.6509999999999998, -0.5259999999999998, -0.5990000000000002, -0.6819999999999986, -0.6650000000000027, -0.6769999999999996, -0.6370000000000005, -0.8010000000000019, -0.7349999999999994, -0.6080000000000005, -0.7330000000000005, -1.2379999999999995, -0.6799999999999997, 0.240000000000002, -0.6460000000000008, -0.5650000000000013, -0.7569999999999979, -0.7210000000000001, -0.5519999999999996, -0.5360000000000014, -0.6679999999999993, -0.7330000000000005, -0.7369999999999983, -0.7240000000000002, -1.2390000000000008, -0.5700000000000003, -0.5919999999999987, -0.6149999999999984, -0.4460000000000015, -1.2490000000000023, -0.7110000000000021, -1.2149999999999999, -0.661999999999999, -0.7560000000000002, -0.6439999999999984, -0.5730000000000004, -1.2510000000000012, -0.5690000000000026, -0.6189999999999998, -0.6159999999999997, -0.6660000000000004, -0.6139999999999972, -0.6680000000000028, -0.5990000000000002, -0.5960000000000001, -3.904, -0.6739999999999995, -0.786999999999999, -0.509999999999998, 0.3150000000000013, -0.6789999999999985, -0.4430000000000014, -0.517000000000003, -0.5560000000000009, -0.6789999999999985, -1.2280000000000015, -0.6230000000000011, -0.5609999999999999, -0.7160000000000011, -0.6539999999999999, -0.815999999999999, -0.6230000000000011, -0.629999999999999, -0.5819999999999972, -1.115000000000002, -0.6110000000000007, -0.4759999999999991, -1.3409999999999975, -1.3069999999999986, -0.602999999999998, -0.6340000000000003, -0.6799999999999997, -0.7100000000000009, -0.629999999999999, -0.5439999999999969, 0.44099999999999895, -0.7089999999999996, -0.46300000000000097, -0.5009999999999977, -0.6769999999999996, -0.7190000000000012, -0.6170000000000009, -0.7690000000000019, -1.1990000000000016, -1.1149999999999984, -0.4859999999999971, -0.4720000000000013, 0.4069999999999965, 0.3949999999999996], "TERT_replicate1": [-0.625, -0.6310000000000002, -0.7469999999999999, -0.625, -0.6280000000000001, -0.5960000000000001, -0.5730000000000004, -0.6449999999999996, -0.7420000000000009, -0.679000000000002, -0.8179999999999978, -0.7490000000000023, -0.6460000000000008, -0.7420000000000009, -1.2299999999999969, -0.8039999999999985, 0.3219999999999992, -0.6760000000000019, -0.5879999999999974, -0.6760000000000019, -0.6960000000000015, -0.6009999999999991, -0.5800000000000018, -0.7600000000000016, -0.9239999999999995, -0.6930000000000014, -0.7390000000000008, -1.375, -0.47900000000000276, -0.5769999999999982, -0.6129999999999995, -0.4960000000000022, -1.2950000000000017, -0.7809999999999988, -1.2420000000000009, -0.7249999999999979, -0.7850000000000001, -0.6550000000000011, -0.5340000000000025, -1.1999999999999993, -0.5180000000000007, -0.6310000000000002, -0.6210000000000022, -0.6879999999999988, -0.6699999999999982, -0.6679999999999993, -0.6009999999999991, -0.5650000000000013, -3.9579999999999984, -0.6760000000000019, -0.6699999999999982, -0.4480000000000004, 0.3019999999999996, -0.6960000000000015, -0.44200000000000017, -0.41999999999999815, -0.5530000000000008, -0.6630000000000003, -1.2289999999999992, -0.5599999999999987, -0.6359999999999992, -0.7010000000000005, -0.6700000000000017, -0.7439999999999998, -0.6930000000000014, -0.6490000000000009, -0.5380000000000003, -1.1010000000000026, -0.6630000000000003, -0.5750000000000028, -1.4009999999999998, -1.2560000000000002, -0.7560000000000002, -0.6419999999999995, -0.5139999999999993, -0.6440000000000019, -0.625, -0.5970000000000013, 0.7049999999999983, -0.6589999999999989, -0.4369999999999976, -0.5559999999999974, -0.6579999999999977, -0.6110000000000007, -0.7119999999999997, -0.7300000000000004, -1.2850000000000001, -1.1329999999999991, -0.5230000000000032, -0.495000000000001, 0.36299999999999955, 0.5410000000000004], "RNaseP_replicate1": [-1.2390000000000008, -1.2510000000000012, -1.161999999999999, -1.1069999999999993, -1.0569999999999986, -1.027000000000001, -1.1019999999999968, -1.0459999999999994, -1.068999999999999, -1.0569999999999986, -1.0440000000000005, -1.1519999999999975, -1.2119999999999997, -1.1339999999999968, -1.786999999999999, -1.1260000000000012, -0.053000000000000824, -1.059000000000001, -0.9469999999999992, -1.0829999999999984, -1.0949999999999989, -0.9220000000000006, -0.9480000000000004, -1.0179999999999971, -1.299000000000003, -1.1430000000000007, -1.1660000000000004, -1.6289999999999978, -0.9830000000000005, -1.125, -1.0980000000000025, -1.0089999999999968, -1.7089999999999996, -1.1069999999999993, -1.5390000000000015, -1.1320000000000014, -1.2899999999999991, -1.198999999999998, -1.078999999999997, -1.7109999999999985, -1.125, -1.0519999999999996, -1.115000000000002, -1.0210000000000008, -0.9939999999999998, -1.1300000000000026, -0.950999999999997, -1.0249999999999986, -2.8130000000000024, -1.1879999999999988, -1.1199999999999974, -0.9920000000000009, -0.07200000000000273, -1.0940000000000012, -1.0039999999999978, -0.9730000000000025, -1.032, -1.0410000000000004, -1.6870000000000012, -1.093, -1.174000000000003, -1.152000000000001, -1.1779999999999973, -1.083000000000002, -1.0470000000000006, -1.0790000000000006, -1.0070000000000014, -1.6160000000000032, -1.032, -1.0519999999999996, -1.7119999999999997, -1.764000000000003, -1.115000000000002, -1.2240000000000002, -1.0740000000000016, -1.0559999999999974, -0.9949999999999974, -1.1189999999999998, 0.019999999999999574, -0.9510000000000005, -0.958000000000002, -1.0219999999999985, -1.0809999999999995, -1.115000000000002, -1.1280000000000001, -1.1089999999999982, -1.6780000000000008, -1.4989999999999988, -1.0060000000000002, -1.0850000000000009, -0.019000000000001904, 0.07099999999999795], "RNaseP_replicate2": [-1.059000000000001, -1.0899999999999999, -1.1159999999999997, -1.0519999999999996, -1.0280000000000022, -0.9329999999999998, -1.1080000000000005, -1.0530000000000008, -1.078999999999997, -1.0139999999999993, -1.152000000000001, -1.1110000000000007, -1.2300000000000004, -1.1170000000000009, -1.6750000000000007, -1.1500000000000021, -0.09299999999999997, -1.061, -0.9669999999999987, -1.0799999999999983, -1.1129999999999995, -1.0600000000000023, -1.0300000000000011, -1.1050000000000004, -1.3610000000000007, -1.2680000000000007, -1.0549999999999997, -1.6460000000000008, -1.1139999999999972, -1.2119999999999997, -1.1000000000000014, -0.9619999999999997, -1.7149999999999999, -1.0570000000000022, -1.597999999999999, -1.1869999999999976, -1.1310000000000002, -1.0829999999999984, -1.1469999999999985, -1.6969999999999992, -1.0809999999999995, -0.9759999999999991, -1.0500000000000007, -1.0360000000000014, -1.0229999999999997, -1.0359999999999978, -1.088000000000001, -0.9980000000000011, -2.770000000000003, -1.2170000000000023, -0.9879999999999995, -1.0470000000000006, -0.05700000000000216, -1.1129999999999995, -0.9719999999999978, -1.0440000000000005, -0.9379999999999988, -1.0139999999999993, -1.6750000000000007, -1.0909999999999975, -1.1239999999999988, -1.1139999999999972, -1.093, -1.0850000000000009, -1.0310000000000024, -1.1430000000000007, -0.9179999999999993, -1.671999999999997, -1.149000000000001, -1.032, -1.6050000000000004, -1.7289999999999992, -1.1310000000000002, -1.1039999999999992, -1.0480000000000018, -1.0410000000000004, -0.9589999999999996, -1.0710000000000015, 0.08200000000000074, -1.038999999999998, -1.0079999999999991, -0.9130000000000003, -1.1020000000000003, -1.0690000000000026, -1.1310000000000002, -1.0720000000000027, -1.6759999999999984, -1.6280000000000001, -1.0549999999999997, -1.1449999999999996, -0.06500000000000128, -0.03300000000000125]}
